id;en;de;fr;it;es;zh;ja;ko;pt;pl;ru;tr
GREATSWORD;Greatsword;Großschwert;Greatsword;Greatsword;Greatsword;大剑;グレートソード;대검;Grandes palavras-chave;Wielki miecz;Великий меч;Büyük Kılıç
GREATSWORD_DESC;-;-;-;-;-;;;;;-;-;-
SHORTSWORD;Shortsword;Kurzschwert;Épée courte;Spada corta;Espada corta;短剑;ショートソード;쇼트소드;Shortsword;Krótki miecz;Шортворд;Kısa Kılıç
SHORTSWORD_DESC;-;-;-;-;-;-;-;-;-;-;-;-
DAGGER;Dagger;Dolch;Dagger;Dagger;Daga;匕首;ダガー;단검;Adaga;Sztylet;Кинжал;Hançer
DAGGER_DESC;-;-;-;-;-;-;-;-;-;-;-;-
FLAIL;Flail;Morgenstern;Fléau;Flail;Azotador;连枷;フレイル;도리깨;Flail;Flail;Flail;Flail
FLAIL_DESC;-;-;-;-;-;-;-;-;-;-;-;-
LIGHT_STAFF;Light Staff;Stab des Lichts;Personnel léger;Personale leggero;Personal ligero;光明法杖;ライトスタッフ;빛의 지팡이;Pessoal Ligeiro;Lekki personel;Легкий персонал;Hafif Personel
LIGHT_STAFF_DESC;-;-;-;-;-;-;-;-;-;-;-;-
DARK_STAFF;Dark Staff;Stab der Dunkelheit;Bâton noir;Bastone scuro;Báculo oscuro;黑暗法杖;ダークスタッフ;어둠의 지팡이;Pessoal das Trevas;Mroczny personel;Темный посох;Karanlık Asa
DARK_STAFF_DESC;Projectiles pierce through 1 enemy.;Projektile durchdringen einen Gegner.;Les projectiles transpercent un ennemi.;I proiettili attraversano un nemico.;Los proyectiles atraviesan a un enemigo.;投射物会穿透1个敌人。;敵1体を貫通する弾丸を発射する。;투사체가 적 1명을 관통합니다.;Os projécteis atravessam 1 inimigo.;Pociski przebijają 1 przeciwnika.;Снаряды пронзают 1 врага насквозь.;Mermiler 1 düşmanı delip geçer.
ICE_STAFF;Ice Staff;Eis-Stab;Bâton de glace;Personale di ghiaccio;Personal de hielo;寒冰法杖;アイススタッフ;얼음 지팡이;Cajado de gelo;Ice Staff;Ледяной посох;Buz Personeli
ICE_STAFF_DESC;Projectiles freeze enemies.;Projektile frieren Gegner ein.;Les projectiles gèlent les ennemis.;I proiettili congelano i nemici.;Los proyectiles congelan a los enemigos.;投射物会冻结敌人。;弾丸が敵を凍らせる。;투사체가 적을 얼려버립니다.;Os projécteis congelam os inimigos.;Pociski zamrażają wrogów.;Снаряды замораживают врагов.;Mermiler düşmanları dondurur.
FOCUS;Focus;Focus;Focus;Focus;Enfoque;法宝;フォーカス;집중;Foco;Skupienie;Фокус;Odaklanma
FOCUS_DESC;Projectiles explode on hit. Scaling with AoE size.;Projektile explodieren bei einem Treffer. Skaliert mit der AoE-Größe.;Les projectiles explosent lorsqu'ils sont touchés. Mise à l'échelle avec la taille de l'AoE.;I proiettili esplodono al momento del colpo. Scala con le dimensioni dell'AoE.;Los proyectiles explotan al impactar. Escala con el tamaño del AoE.;投射物在击中时爆炸。爆炸范围随AOE大小变化。;命中時に爆発する。AoEの大きさに応じて変化する。;투사체가 적중하면 폭발합니다. 범위 크기에 따라 확장됩니다.;Os projécteis explodem ao serem atingidos. Escala com tamanho de AoE.;Pociski wybuchają przy trafieniu. Skalowanie wraz z rozmiarem zasięgu.;Снаряды взрываются при попадании. Масштаб зависит от размера АоЕ.;Mermiler isabet ettiğinde patlar. AoE boyutu ile ölçeklendirilir.
SCYTHE;Scythe;Sense;Scythe;Falce;Guadaña;镰刀;大鎌;낫;Scythe;Kosa;Коса;Tırpan
SCYTHE_DESC;Huge attack range.;Enorme Angriffsreichweite.;Une énorme portée d'attaque.;Enorme raggio d'attacco.;Enorme rango de ataque.;巨大的攻击范围。;攻撃範囲が広くなる。;공격 범위가 넓어집니다.;Enorme alcance de ataque.;Ogromny zasięg ataku.;Огромная дальность атаки.;Büyük saldırı menzili.
BOW;Bow;Bogen;Arc;Arco;Arco;弓;弓;활;Arco;Łuk;Лук;Yay
BOW_DESC;Fast bullet speed.;Hohe Projektilgeschwindigkeit.;Vitesse de balle rapide.;Velocità del proiettile.;Velocidad de bala rápida.;快速的投射物速度。;弾速が速い。;총알 속도가 빠릅니다.;Velocidade rápida da bala.;Duża prędkość pocisku.;Быстрая скорость пули.;Mermi hızı yüksek.
PHOENIX_SWORD;Sword of the Phoenix;Schwert des Phönix;L'épée du Phénix;Spada della Fenice;Espada del Fénix;凤凰之剑;フェニックスソード;불사조의 검;Espada da Fênix;Miecz Feniksa;Меч Феникса;Anka Kuşunun Kılıcı
PHOENIX_SWORD_DESC;Setting enemies on fire.;Setzt Gegner in Brand.;Mettre le feu aux ennemis.;Dare fuoco ai nemici.;Prender fuego a los enemigos.;使敌人着火。;敵を燃やす。;적을 불태웁니다.;Incendiar os inimigos.;Podpalanie wrogów.;Поджигайте врагов.;Düşmanları ateşe vermek.
PHOENIX_STAFF;Staff of the Phoenix;Stab des Phönix;Personnel du Phénix;Personale della Fenice;Personal del Fénix;凤凰法杖;フェニックスの杖;불사조의 지팡이;Pessoal da Phoenix;Personel Feniksa;Персонал Феникса;Anka Kuşu Personeli
PHOENIX_STAFF_DESC;Setting enemies on fire.;Setzt Gegner in Brand.;Mettre le feu aux ennemis.;Dare fuoco ai nemici.;Prender fuego a los enemigos.;使敌人着火。;敵に火をつける;적을 불태웁니다.;Incendiar os inimigos.;Podpalanie wrogów.;Поджигайте врагов.;Düşmanları ateşe vermek.
THROWING_AXE;Throwing Axe;Wurfaxt;Hache de jet;Ascia da lancio;Hacha arrojadiza;投掷飞斧;スロウイングアックス;던지는 도끼;Atirar Machado;Topór do rzucania;Метательный топор;Fırlatılan Balta
THROWING_AXE_DESC;Slow projectiles with a big range.;Langsame Projektile mit großer Reichweite.;Des projectiles lents avec une grande portée.;Proiettili lenti con grande gittata.;Proyectiles lentos con gran alcance.;缓慢的投射物，射程远。;射程距離の長い低速の弾丸。;넓은 범위의 느린 투사체를 던집니다.;Projécteis lentos com um grande alcance.;Powolne pociski o dużym zasięgu.;Медленные снаряды с большим радиусом действия.;Büyük bir menzile sahip yavaş mermiler.
THROWING_SPEAR;Throwing Spear;Wurfspeer;Lanceur;Javelin;Jabalina;投掷长矛;スロウイングスピア;던지는 창;Lança de arremesso;Włócznia do rzucania;Метательное копье;Fırlatılan Mızrak
THROWING_SPEAR_DESC;Projectiles knock back enemies.;Projektile stoßen Gegner zurück.;Les projectiles font reculer les ennemis.;I proiettili colpiscono i nemici.;Los proyectiles hacen retroceder a los enemigos.;投射物会击退敌人。;敵をノックバックさせる弾丸。;투사체가 적을 밀어냅니다.;Os projécteis fazem recuar os inimigos.;Pociski odrzucają przeciwników.;Снаряды отбрасывают врагов назад.;Mermiler düşmanları geri savurur.
HAMMER;Hammer;Hammer;Marteau;Martello;Martillo;锤子;ハンマー;망치;Martelo;młotek;молот;Çekiç
HAMMER_DESC;Enemy hits create ground slam which scales with melee damage and AoE size.;Feindliche Treffer erzeugen Ground Slam welcher mit Nahkampfschaden und der AoE-Größe skaliert.;Les ennemis qui sont touchés créent un choc au sol qui s'adapte aux dégâts de mêlée et à la taille de l'AoE.;I colpi dei nemici creano un colpo al suolo che scala con i danni in mischia e le dimensioni dell'AoE.;Los golpes del enemigo crean un golpe en el suelo que escala con el daño cuerpo a cuerpo y el tamaño del AoE.;敌人击中后会产生地面猛击，其伤害与近战伤害和AOE大小成正比。;敵に当たった場合、MeleeダメージとAoEサイズに応じた地面を叩きつける。;적을 내리치면 근접 피해와 광역 공격력에 따라 확장되는 땅을 내리칩니다.;Inimigo acerta em terreno de criatura que se escalda com danos de corpo a corpo e tamanho de AoE.;Uderzenia wroga powodują uderzenie w ziemię, które skaluje się wraz z obrażeniami zadawanymi w walce wręcz i zasięgiem.;Попадания противника вызывают шквал земли, который увеличивает урон от ближнего боя и размер АоЕ.;Düşman vuruşları, yakın dövüş hasarı ve etki alanı boyutuyla ölçeklenen zemin çarpması yaratır.
MAGIC_SHIELD;Magic Shield;Magisches Schild;Bouclier magique;Scudo magico;Escudo mágico;魔法盾;Magic Shield;마법 방패;Escudo Mágico;Magiczna tarcza;Магический щит;Sihirli Kalkan
MAGIC_SHIELD_DESC;20% chance on attack to create shield that prevents enemies and projectiles from entering. Scales with AoE size.;20% Chance, bei einem Angriff einen Schild zu erzeugen, der Feinde und Projektile am Eindringen hindert. Skaliert mit der AoE-Größe.;20% de chances sur l'attaque de créer un bouclier qui empêche les ennemis et les projectiles d'entrer. S'adapte à la taille de l'AoE.;20% di possibilità in attacco di creare uno scudo che impedisce ai nemici e ai proiettili di entrare. Scala con la dimensione dell'AoE.;20% de probabilidad al atacar de crear un escudo que impide la entrada de enemigos y proyectiles. Escala con el tamaño de AoE.;攻击时有 20% 的几率制造护盾，阻止敌人和射弹进入。随 AoE 大小缩放。;攻撃時に20%の確率で敵や投擲物の侵入を防ぐシールドを生成する。AoEの大きさによって変化する。;공격 시 20% 확률로 적과 투사체가 들어오는 것을 막는 보호막을 생성합니다. 범위 크기에 따라 증가합니다.;20% de chance no ataque de criar um escudo que impede a entrada de inimigos e projéteis. Aumenta com o tamanho da AoE.;20% szans przy ataku na stworzenie tarczy, która zapobiega przedostawaniu się wrogów i pocisków. Skaluje się wraz z rozmiarem zasięgu.;С вероятностью 20% при атаке создает щит, который не пропускает врагов и снаряды. Зависит от размера АоЕ.;20 saldırı şansı ile düşmanların ve mermilerin girmesini engelleyen bir kalkan oluşturur. Etki alanı boyutuyla ölçeklenir.
BEAR_CALLER;Bear Caller;Bärenrufer;Appeleur d'ours;Orso chiamante;Llamador de osos;熊的召唤者;ベアコーラー;곰 호출자;Chamador do Urso;Bear Caller;Медвежий зов;Ayı Arayan
BEAR_CALLER_DESC;Instead of attacking each attack summons a bear. Bear attacks are like your own melee attacks.;Anstatt anzugreifen, beschwört jeder Angriff einen Bären. Bärenangriffe sind wie deine eigenen Nahkampfangriffe.;Au lieu d'attaquer, chaque attaque convoque un ours. Les attaques de l'ours sont comme vos propres attaques de mêlée.;Invece di attaccare, ogni attacco evoca un orso. Gli attacchi dell'orso sono come gli attacchi in mischia.;En lugar de atacar, cada ataque invoca a un oso. Los ataques de oso son como tus propios ataques cuerpo a cuerpo.;每一次攻击都会召唤出一只熊，而不是攻击。熊的攻击就像你自己的近战攻击。;攻撃する代わりに、それぞれの攻撃は熊を召喚する。熊の攻撃は自分の近接攻撃のようなものです。;공격할 때마다 공격하는 대신 곰을 소환합니다. 곰의 공격은 자신의 근접 공격과 같습니다.;Em vez de atacar cada ataque, convoca um urso. Os ataques de ursos são como os seus próprios ataques corpo-a-corpo.;Zamiast atakować, każdy atak przywołuje niedźwiedzia. Ataki niedźwiedzia są jak twoje własne ataki w walce wręcz.;Вместо атаки каждая атака вызывает медведя. Атаки медведя похожи на ваши собственные атаки ближнего боя.;Saldırmak yerine her saldırı bir ayı çağırır. Ayı saldırıları kendi yakın dövüş saldırılarınız gibidir.
DAROKIN_STAFF;Darokin's Staff;Darokins Stab;Bâton de Darokin;Bastone di Darokin;Báculo de Darokin;达洛金之杖;ダロキンのスタッフ;다로킨의 지팡이;O pessoal de Darokin;Personel Darokina;Штаб Дарокина;Darokin'in Personeli
DAROKIN_STAFF_DESC;Projectiles have 25% chance to unleash a light ray upon hit enemies. Damage scales with melee damage.;Projektile haben eine Chance von 25%, einen Lichtstrahl auf getroffene Gegner zu entfesseln. Der Schaden skaliert mit dem Nahkampfschaden.;Les projectiles ont 25% de chances de libérer un rayon de lumière sur les ennemis touchés. Les dégâts sont proportionnels aux dégâts de mêlée.;I proiettili hanno una probabilità del 25% di scatenare un raggio di luce sui nemici colpiti. Il danno varia in base ai danni in mischia.;Los proyectiles tienen un 25% de probabilidad de desatar un rayo de luz sobre los enemigos golpeados. El daño es proporcional al daño cuerpo a cuerpo.;投射物有25%的几率向被击中的敌人释放一道光束。伤害与近战伤害成正比。;25%の確率で、命中した敵に光線を放つ。ダメージは近接攻撃によるダメージと同じになる。;투사체가 적중한 적에게 25% 확률로 광선을 발사합니다. 피해량은 근접 공격력에 따라 증가합니다.;Os projécteis têm 25% de hipóteses de desencadear um raio de luz sobre os inimigos atingidos. Escalas de danos com danos de corpo a corpo.;Pociski mają 25% szans na uwolnienie promienia światła na trafionych wrogach. Obrażenia skalują się wraz z obrażeniami w walce wręcz.;Снаряды с вероятностью 25% испускают луч света на пораженных врагов. Урон зависит от урона ближнего боя.;Mermilerin isabet ettiği düşmanlara ışık ışını salma şansı %25'tir. Hasar, yakın dövüş hasarı ile ölçeklenir.
UNSTABLE_POTION;Unstable Potion;Instabiler Trank;Potion instable;Pozione instabile;Poción inestable;不稳定的药水;不安定なポーション;불안정한 물약;Poção Instável;Niestabilna mikstura;Нестабильное зелье;Kararsız İksir
UNSTABLE_POTION_DESC;30% chance to explode on enemy hit leaving a poisoned area behind. Poison deals 10 damage each 3 seconds for maximum duration of 9 seconds. ;30% Chance, bei einem Treffer des Gegners zu explodieren und einen vergifteten Bereich zu hinterlassen. Das Gift verursacht alle 3 s 10 Schaden für eine maximale Dauer von 9 s. ;30% de chances d'exploser sur un ennemi touché, laissant une zone empoisonnée derrière lui. Le poison inflige 10 points de dégâts toutes les 3 secondes pour une durée maximale de 9 secondes. ;30% di possibilità di esplodere quando il nemico viene colpito, lasciando dietro di sé un'area avvelenata. Il veleno infligge 10 danni ogni 3 secondi per una durata massima di 9 secondi. ;30% de probabilidad de explotar al golpear al enemigo dejando un área envenenada. El veneno inflige 10 de daño cada 3 segundos con una duración máxima de 9 segundos. ;30%的几率在被击中的敌人身上爆炸，留下一个中毒的区域。毒药每3秒造成10次伤害，最大持续时间为9秒。;30%の確率で敵に当たると爆発し、後ろに毒のエリアを残す。毒は3秒ごとに10ダメージを与え、最大9秒間持続する。;적에게 적중 시 30%의 확률로 폭발하여 독이 든 구역을 남깁니다. 독이 3초마다 10씩 최대 9초 동안 피해를 줍니다. ;30% de chance de explodir no ataque inimigo, deixando uma área envenenada para trás. O veneno causa 10 danos a cada 3 segundos durante 9 segundos, no máximo. ;30% szans na eksplozję przy trafieniu wroga, pozostawiając za sobą zatruty obszar. Trucizna zadaje 10 pkt. obrażeń co 3 sek. przez maksymalnie 9 sek.;С вероятностью 30% взрывается при попадании в противника, оставляя после себя отравленную область. Яд наносит 10 ед. урона каждые 3 сек. с максимальной продолжительностью 9 сек.;30 ihtimalle düşman vurulduğunda patlar ve arkasında zehirli bir alan bırakır. Zehir, 9 saniyelik maksimum süre boyunca her 3 saniyede 10 hasar verir.
ELDER_CLUB;Elder Club;Uralter Knüppel;Club des aînés;Club degli anziani;Club de ancianos;长者之棍;エルダークラブ;장로 클럽;Clube dos Anciãos;Klub Starszych;Клуб старейшин;Yaşlılar Kulübü
SPEAR;Spear;Speer;Lance;Lancia;Lanza;长矛;スピア;창;Lança;Włócznia;Копье;Mızrak
SPEAR_DESC;-;-;-;-;-;-;-;-;-;-;-;-
EMERALD_STAFF;Emerald Staff;Smaragdstab;Personnel d'Emeraude;Personale di smeraldo;Personal de Emerald;翡翠法杖;エメラルド・スタッフ;에메랄드 지팡이;Pessoal Esmeralda;Emerald Staff;Изумрудный персонал;Zümrüt Personel
EMERALD_STAFF_DESC;Each attack summons a spider companion. Lasting 6 seconds. Spiders count as companions. You have no projectiles.;Jeder Angriff beschwört einen Spinnen-Gefährten. Hält 6 Sekunden an. Spinnen zählen als Gefährten. Du hast keine Wurfgeschosse.;Chaque attaque invoque un compagnon araignée. Durée 6 secondes. Les araignées comptent comme des compagnons. Vous n'avez pas de projectiles.;Ogni attacco evoca un compagno ragno. La durata è di 6 secondi. I ragni contano come compagni. Non ha proiettili.;Cada ataque invoca a una araña de compañía. Dura 6 segundos. Las arañas cuentan como compañeros. No tienes proyectiles.;每次攻击都会召唤出一个蜘蛛同伴。持续6秒。蜘蛛算作同伴。你没有投射物。;各攻撃は、クモの仲間を召喚する。持続時間は6秒。クモはコンパニオンとしてカウントされる。あなたには投擲物がない。;공격할 때마다 거미 동료를 소환합니다. 6초 동안 지속됩니다. 거미는 동료로 간주됩니다. 투사체가 없습니다.;Cada ataque convoca um companheiro aranha. Duração: 6 segundos. As aranhas contam como companheiras. Não têm projécteis.;Każdy atak przywołuje pajęczego towarzysza. Trwa 6 sekund. Pająki liczą się jako towarzysze. Nie masz pocisków.;Каждая атака вызывает паука-компаньона. Длительность 6 секунд. Пауки считаются за компаньонов. У вас нет снарядов.;Her saldırı bir örümcek yoldaşı çağırır. 6 saniye sürer. Örümcekler yoldaş olarak sayılır. Merminiz yok.
ELDER_CLUB_DESC;Very powerful but slow and heavy weapon.;Sehr starke, aber langsame und schwere Waffe.;Arme très puissante mais lente et lourde.;Arma molto potente ma lenta e pesante.;Arma muy potente pero lenta y pesada.;非常强大，但是缓慢而沉重的武器。;非常に強力だが、スピードが遅く、重い武器。;매우 강력하지만 느리고 무거운 무기입니다.;Muito poderosa mas lenta e pesada arma.;Bardzo potężna, ale powolna i ciężka broń.;Очень мощное, но медленное и тяжелое оружие.;Çok güçlü ama yavaş ve ağır bir silah.
LIGHTNING_STAFF;Lightning Staff;Blitz-Stab;Bâton de la foudre;Personale di fulminazione;Personal de rayos;闪电法杖;ライトニングスタッフ;번개 지팡이;Cajado relâmpago;Lightning Staff;Персонал Молнии;Yıldırım Personeli
LIGHTNING_STAFF_DESC;Projectile hits create 2 replicating projectiles which target nearby enemies.;Projektil-Treffer erzeugen 2 sich replizierende Projektile, die auf Gegner in der Nähe zielen.;Les coups de projectiles créent 2 projectiles répliquants qui ciblent les ennemis proches.;I colpi di proiettile creano 2 proiettili replicanti che colpiscono i nemici vicini.;Los impactos de los proyectiles crean 2 proyectiles replicantes que apuntan a los enemigos cercanos.;击中后，会产生2个复制的投射物，瞄准最近的敌人。;近くにいる敵をターゲットする2つの複製弾を発射する。;투사체에 적중하면 복제 투사체 2개를 생성하여 근처의 적을 공격합니다.;Acertos de projécteis criam 2 projécteis replicadores que têm como alvo inimigos próximos.;Trafienia pociskami tworzą 2 replikujące się pociski, które celują w pobliskich wrogów.;При попадании снаряда создаются 2 повторяющихся снаряда, которые попадают в ближайших врагов.;Mermi isabetleri, yakındaki düşmanları hedef alan 2 çoğalan mermi oluşturur.
RIPPING_AXE;Ripping Axe;Reißende Axt;Hache d'arrachage;Ascia da strappo;Hacha de desgarrar;撕裂的斧头;リッピングアックス;찢어지는 도끼;Machado de Maturação;Siekiera rozpruwająca;Разрывной топор;Yırtma Baltası
RIPPING_AXE_DESC;Applys bleeding to enemies.;Verursacht Blutung bei Gegnern.;Applique le saignement aux ennemis.;Applica il sanguinamento ai nemici.;Aplica sangrado a los enemigos.;对敌人施加出血。;敵に出血を与える。;적에게 출혈을 입힙니다.;Aplica-se a sangrar aos inimigos.;Powoduje krwawienie u wrogów.;Применяет кровотечение к врагам.;Düşmanlara kanama uygular.
ICE_FOCUS;Ice Focus;Eis-Fokus;Foyer de glace;Fuoco di ghiaccio;Foco de hielo;寒冰法球;アイスフォーカス;아이스 포커스;Foco no gelo;Ice Focus;Ледяной фокус;Buz Odağı
ICE_FOCUS_DESC;Shoots two additional projectiles in a random direction.;Schießt zwei zusätzliche Projektile in eine zufällige Richtung.;Lance deux projectiles supplémentaires dans une direction aléatoire.;Spara due proiettili aggiuntivi in una direzione casuale.;Dispara dos proyectiles adicionales en una dirección aleatoria.;攻击时，向随机方向发射2个额外的投射物。;ランダムな方向に2つの弾丸を追加で発射する。;발사체 두 발을 무작위 방향으로 추가로 발사합니다.;Dispara dois projécteis adicionais numa direcção aleatória.;Wystrzeliwuje dwa dodatkowe pociski w losowym kierunku.;Выстреливает два дополнительных снаряда в случайном направлении.;Rastgele bir yöne iki ek mermi fırlatır.
BLEEDING_STAR;Bleeding Star;Blutender Stern;Étoile sanglante;Stella sanguinante;Estrella sangrante;腥红之星;ブリーディングスター;블리딩 스타;Estrela Sangrenta;Bleeding Star;Кровоточащая звезда;Kanayan Yıldız
BLEEDING_STAR_DESC;Causes bleeding on enemy hits.;Verursacht Blutung bei gegnerischen Treffern.;Provoque des saignements sur les ennemis touchés.;Provoca un'emorragia sui colpi dei nemici.;Provoca una hemorragia en los golpes del enemigo.;击中时，对敌人造成流血状态。;敵に当たると出血させる。;적에게 출혈을 일으킵니다.;Provoca hemorragias nos golpes do inimigo.;Powoduje krwawienie po trafieniu wroga.;Вызывает кровотечение при попадании в противника.;Düşman vuruşlarında kanamaya neden olur.
AMBER;Ember;Glut;Braise;Braci;Brasas;火焰;エンバー;엠버;Ember;Ember;Ember;Kor
AMBER_DESC;Sets enemies on fire.;Setzt Gegner in Brand.;Met le feu aux ennemis.;Dà fuoco ai nemici.;Prende fuego a los enemigos.;击中时，使敌人着火。;敵に火をつける;적을 불태웁니다.;Incendeia os inimigos.;Podpala wrogów.;Поджигает врагов.;Düşmanları ateşe verir.
SLINGSHOT;Slingshot;Schleuder;Fronde;Fionda;Tirachinas;弹弓;スリングショット;새총;Slingshot;Proca;Рогатка;Sapan
SLINGSHOT_DESC;Shoots two aditional projectiles in the aimed direction.;Schießt zwei zusätzliche Projektile ab.;Lance deux projectiles supplémentaires.;Spara due proiettili aggiuntivi.;Dispara dos proyectiles adicionales.;攻击时，发射2个额外的投射物。;狙った方向に追加で2発発射する。;조준한 방향으로 추가 투사체 두 발을 발사합니다.;Dispara dois projécteis adicionais na direcção pretendida.;Wystrzeliwuje dwa dodatkowe pociski w wybranym kierunku.;Выстреливает два дополнительных снаряда в направлении цели.;Hedeflenen yöne iki ek mermi fırlatır.
STING;Sting;Stachel;Piqûre;Pungiglione;Aguijón;刺;スティング;스팅;Ferrão;Sting;Стинг;Sting
STING_DESC;-;-;-;-;-;-;-;-;-;-;-;-
GNARLY_MACE;Gnarly Mace;Knorrige Keule;Massue noueuse;Mazza nodosa;Maza nudosa;粗糙的狼牙棒;グナーリーメイス;거친 메이스;Gnarly Mace;Gnarly Mace;Гнарли Мейс;Gnarly Mace
GNARLY_MACE_DESC;-;-;-;-;-;-;-;-;-;-;-;-
CINNAMON_STAR;Cinnamon Star;Zimtstern;Étoile à la cannelle;Stella alla cannella;Estrella de Canela;肉桂之星;シナモンスター;시나몬 스타;Estrela de canela;Cinnamon Star;Звезда корицы;Tarçın Yıldızı
CINNAMON_STAR_DESC;Projectiles return to you.;Projektile kehren zu dir zurück.;Les projectiles reviennent vers vous.;I proiettili tornano a voi.;Los proyectiles vuelven a ti.;投射物回到你身边。;弾丸が自分に戻る。;투사체가 자신에게 돌아옵니다.;Os projécteis voltam para si.;Pociski wracają do ciebie.;Снаряды возвращаются к вам.;Mermiler size geri döner.
SUGAR_STICK;Sugar Cane;Zuckerstange;Canne à sucre;Canna da zucchero;Caña de azúcar;甘蔗;シュガーケーン;사탕수수;Cana-de-açúcar;Trzcina cukrowa;Сахарный тростник;Şeker Kamışı
SUGAR_STICK_DESC;-;-;-;-;-;-;-;-;-;-;-;-
FROZEN_VESSEL;Frozen Vessel;Gefrorenes Gefäß;Vaisseau gelé;Vaso ghiacciato;Recipiente helado;冰冻容器;凍った器;얼어붙은 용기;Recipiente Congelado;Zamrożony statek;Замороженное судно;Dondurulmuş Gemi
FROZEN_VESSEL_DESC;Your melee hits cause a frost splash, freezing all surrounding enemies. Area scales with AoE size.;Deine Nahkampftreffer verursachen einen Frostspritzer, der alle umstehenden Gegner einfriert. Der Bereich skaliert mit der AoE-Größe.;Vos coups de mêlée provoquent une éclaboussure de givre qui gèle tous les ennemis environnants. La zone est proportionnelle à la taille de l'AoE.;I colpi in mischia provocano uno schizzo di gelo che congela tutti i nemici circostanti. L'area scala con la dimensione dell'AoE.;Tus golpes cuerpo a cuerpo provocan una salpicadura de escarcha que congela a todos los enemigos circundantes. El área varía con el tamaño del AoE.;你的近战命中会造成冰霜飞溅，冻结周围所有敌人。范围随AOE大小而变化。;近接攻撃を当てると霜が飛び散り、周囲の敵を凍らせる。範囲はAoEの大きさに比例する。;근접 공격이 적중하면 서리가 튀어 주변의 모든 적을 얼려버립니다. 범위가 광역 효과 크기에 따라 확장됩니다.;Os teus golpes corpo a corpo causam um efeito de gelo, congelando todos os inimigos à volta. A área aumenta com o tamanho da área de ação.;Trafienia w zwarciu powodują rozprysk mrozu, który zamraża wszystkich okolicznych wrogów. Obszar skaluje się wraz z rozmiarem zasięgu.;Ваши удары в ближнем бою вызывают всплеск мороза, замораживающий всех окружающих врагов. Область действия зависит от размера АоЕ.;Yakın dövüş vuruşlarınız, çevredeki tüm düşmanları donduran bir buz sıçramasına neden olur. Alan, etki alanı boyutuyla ölçeklenir.
BLAZEBOLT;Blazebolt;Blazebolt;Éclair de flamme;Folgore;Blazebolt;火焰弩;ブレイズボルト;블레이즈 볼트;Raio de Fogo;Blazebolt;Blazebolt;Blazebolt
BLAZEBOLT_DESC;You projectiles become mines, staying on ground for 6 seconds.;Deine Geschosse werden zu Minen und bleiben 6 Sekunden lang am Boden liegen.;Vos projectiles se transforment en mines et restent au sol pendant 6 secondes.;I vostri proiettili diventano mine e rimangono a terra per 6 secondi.;Tus proyectiles se convierten en minas que permanecen en el suelo durante 6 segundos.;你的射弹会变成地雷，在地面上停留 6 秒。;自分の弾丸が地雷になり、6秒間地面にとどまる。;투사체가 지뢰가 되어 6초 동안 지상에 머물러 있습니다.;Seus projéteis se tornam minas, permanecendo no chão por 6 segundos.;Twoje pociski stają się minami, które pozostają na ziemi przez 6 sekund.;Ваши снаряды превращаются в мины, которые остаются на земле в течение 6 секунд.;Mermileriniz mayın haline gelir ve 6 saniye boyunca yerde kalır.
BALLISTIC_BARKWOOD;Ballistic Barkwood;Ballistisches Rindenholz;Écorce balistique;Barkwood balistico;Barkwood balístico;弹道巴克伍德;バリスティックバークウッド;탄도 나무 껍질;Barkwood Balístico;Ballistic Barkwood;Баллистическое дерево;Balistik Barkwood
BALLISTIC_BARKWOOD_DESC;Each attack shoots a piercing projectile in attack direction.;Jeder Angriff schießt ein durchdringendes Projektil in Angriffsrichtung.;Chaque attaque envoie un projectile perforant dans la direction de l'attaque.;Ogni attacco spara un proiettile perforante nella direzione dell'attacco.;Cada ataque dispara un proyectil perforante en la dirección del ataque.;每次攻击都会向攻击方向发射一枚穿透弹丸。;各攻撃は攻撃方向に貫通弾を放つ。;공격할 때마다 공격 방향으로 관통하는 투사체를 발사합니다.;Cada ataque dispara um projétil perfurante na direção do ataque.;Każdy atak wystrzeliwuje przeszywający pocisk w kierunku ataku.;Каждая атака выбрасывает пронзающий снаряд в направлении атаки.;Her saldırı, saldırı yönünde delici bir mermi fırlatır.
WOODWEAVER;Woodweaver;Woodweaver;Tisseur de bois;Tessitore di legno;Tejedor de madera;织布机;ウッドウィーバー;우드위버;Tecedor de madeira;Woodweaver;Woodweaver;Woodweaver
WOODWEAVER_DESC;Projectiles swirl around shooting position.;Projektile wirbeln um die Schussposition.;Les projectiles tournoient autour de la position de tir.;I proiettili turbinano intorno alla posizione di tiro.;Los proyectiles se arremolinan alrededor de la posición de disparo.;射弹围绕射击位置旋转。;射撃位置の周囲で弾丸が渦を巻く。;발사체가 발사 위치 주변에서 소용돌이칩니다.;Os projécteis giram em torno da posição de disparo.;Pociski wirują wokół pozycji strzeleckiej.;Снаряды закручиваются вокруг стрелковой позиции.;Mermiler atış pozisyonunun etrafında dönüyor.
EARTHSHAPER;Earthshaper;Earthshaper;Faucheur de terre;Fabbricante di terra;Cazador de tierra;土遁;アースシェイパー;대지조각사;Formador de Terra;Earthshaper;Закройщик Земли;Toprak Şekillendirici
EARTHSHAPER_DESC;Each attack casts a stone boulder in a random direction piercing through all enemies. Damage scales with your melee damage.;Jeder Angriff schleudert einen Steinbrocken in eine zufällige Richtung, der alle Gegner durchbohrt. Der Schaden skaliert mit deinem Nahkampfschaden.;Chaque attaque projette un bloc de pierre dans une direction aléatoire, transperçant tous les ennemis. Les dégâts sont proportionnels aux dégâts de mêlée.;Ogni attacco lancia un masso di pietra in una direzione casuale che attraversa tutti i nemici. I danni sono proporzionali ai danni in mischia.;Cada ataque lanza una roca de piedra en una dirección aleatoria que atraviesa a todos los enemigos. El daño se escala con tu daño cuerpo a cuerpo.;每次攻击都会向随机方向投掷一块巨石，穿透所有敌人。伤害与近战伤害成比例。;各攻撃は全ての敵を貫通する石の塊をランダムな方向に投げつける。ダメージは近接攻撃のダメージに比例する。;공격할 때마다 모든 적을 관통하는 돌덩이를 무작위 방향으로 던집니다. 피해량은 근접 공격력에 따라 증가합니다.;Cada ataque lança um pedregulho de pedra numa direção aleatória, perfurando todos os inimigos. O dano é proporcional ao teu dano corpo a corpo.;Każdy atak ciska kamiennym głazem w losowym kierunku, przebijając wszystkich wrogów. Obrażenia skalują się wraz z obrażeniami zadawanymi w walce wręcz.;Каждая атака бросает каменную глыбу в случайном направлении, пронзая всех врагов насквозь. Урон зависит от вашего урона в ближнем бою.;Her saldırı, tüm düşmanları delip geçen rastgele bir yönde bir taş kaya fırlatır. Hasar, yakın dövüş hasarınla ölçeklenir.
GRIMM_REBOUND;Grimm Rebound;Grimmender Rückstoß;Rebond de Grimm;Rimbalzo Grimm;Rebote Grimm;格林反弹;グリムリバウンド;그림 리바운드;Rebote de Grimm;Grimm Rebound;Восстановление Гримм;Grimm Rebound
GRIMM_REBOUND_DESC;Projectiles bounce off walls and create a dark explosion on wall hit. Explosion scales with AoE size and projectile damage.;Projektile prallen von Wänden ab und erzeugen eine dunkle Explosion, wenn sie eine Wand treffen. Die Explosion skaliert mit der AoE-Größe und dem Projektilschaden.;Les projectiles rebondissent sur les murs et créent une explosion sombre lorsqu'ils les touchent. L'explosion s'adapte à la taille de l'AoE et aux dégâts des projectiles.;I proiettili rimbalzano sui muri e creano un'esplosione scura quando vengono colpiti. L'esplosione varia in base alle dimensioni dell'AoE e ai danni del proiettile.;Los proyectiles rebotan en las paredes y crean una explosión oscura al golpearlas. La explosión varía con el tamaño de AoE y el daño del proyectil.;射弹会反弹到墙壁上，并在击中墙壁时产生黑暗爆炸。爆炸会随着 AoE 大小和投射伤害的增加而增加。;投擲物は壁で跳ね返り、壁ヒット時に暗黒の爆発を起こす。爆発はAoEの大きさと投射物のダメージに比例する。;투사체는 벽에 부딪히면 튕겨져 나가며 어두운 폭발을 일으킵니다. 폭발은 범위 크기와 투사체 피해에 따라 스케일링됩니다.;Os projécteis ricocheteiam nas paredes e criam uma explosão negra quando atingem uma parede. A explosão aumenta com o tamanho da área e o dano do projétil.;Pociski odbijają się od ścian i tworzą mroczną eksplozję po trafieniu w ścianę. Eksplozja skaluje się wraz z rozmiarem zasięgu obszarowego i obrażeniami zadawanymi przez pociski.;Снаряды отскакивают от стен и создают темный взрыв при попадании в стену. Взрыв зависит от размера АоЕ и урона от снаряда.;Mermiler duvarlardan seker ve duvara isabet ettiğinde karanlık bir patlama yaratır. Patlama, etki alanı boyutu ve mermi hasarı ile ölçeklenir.
ECHO_BALLISTA;Echo Ballista;Echo-Ballista;Baliste d'écho;Balista dell'eco;Balista de Eco;回音炮;エコーバリスタ;에코 발리스타;Balista de Eco;Echo Ballista;Баллиста Эхо;Echo Balista
ECHO_BALLISTA_DESC;Projectiles bounce off opponents and can hit another opponent.;Projektile prallen von Gegnern ab und können einen weiteren Gegner treffen.;Les projectiles rebondissent sur les ennemis et peuvent toucher un autre ennemi.;I proiettili rimbalzano sugli avversari e possono colpire un altro avversario.;Los proyectiles rebotan en los oponentes y pueden golpear a otro oponente.;投射物会从对手身上弹起并击中另一个对手。;弾は相手に当たって跳ね返り、別の相手に当たることもある。;투사체는 적에게 튕겨나가 다른 적을 맞힐 수 있습니다.;Os projécteis ricocheteiam nos adversários e podem atingir outro adversário.;Pociski odbijają się od przeciwników i mogą trafić innego przeciwnika.;Снаряды отскакивают от противников и могут попасть в другого противника.;Mermiler rakiplerden seker ve başka bir rakibe isabet edebilir.
POISONED_BLIGHT;Poisoned Blight;Giftbrand;Fléau empoisonné;Pericolo avvelenato;Tizón envenenado;中毒疫病;ポイズン・ブライト;중독된 역병;Praga envenenada;Zatruta zaraza;Отравленный свет;Zehirli Yanıklık
POISONED_BLIGHT_DESC;Hit enemies are poisoned and spread poison condition to nearby enemies when defeated.;Getroffene Feinde werden vergiftet und verbreiten den Giftzustand auf Feinde in der Nähe, wenn sie besiegt werden.;I nemici colpiti vengono avvelenati e, una volta sconfitti, diffondono la condizione di veleno ai nemici vicini.;I nemici colpiti vengono avvelenati e, una volta sconfitti, diffondono la condizione di veleno ai nemici vicini.;Los enemigos golpeados se envenenan y propagan la condición de veneno a los enemigos cercanos cuando son derrotados.;被击中的敌人会中毒，并在被击败时向附近的敌人散播毒气。;命中した敵は毒状態になり、倒すと近くの敵に毒状態を撒き散らす。;적중당한 적은 독에 중독되며, 처치 시 주변 적에게 독 상태를 전파합니다.;Os inimigos atingidos são envenenados e espalham a condição de veneno para os inimigos próximos quando derrotados.;Trafieni wrogowie zostają zatruci, a po pokonaniu rozprzestrzeniają stan zatrucia na pobliskich przeciwników.;Попавшие в цель враги отравлены и при поражении распространяют яд на ближайших противников.;Vurulan düşmanlar zehirlenir ve yenildiklerinde zehir durumu yakındaki düşmanlara yayılır.
BUZZKEEPER;Buzzkeeper;Buzzkeeper;Buzzkeeper;Cicalino;Buzzkeeper;嗡嗡守护者;バズキーパー;버즈키퍼;Guardião do zumbido;Buzzkeeper;Buzzkeeper;Buzzkeeper
BUZZKEEPER_DESC;Projectile damage scales with companion damage. Projectiles hits have a 40% chance to spawn a bumblebee companion on enemy death.;Der Projektilschaden skaliert mit dem Schaden des Begleiters. Geschosstreffer haben eine 40%ige Chance, beim Tod des Gegners einen Hummel-Begleiter zu spawnen.;Les dégâts des projectiles augmentent avec les dégâts des compagnons. Les projectiles ont 40 % de chances d'engendrer un compagnon bourdon à la mort de l'ennemi.;I danni dei proiettili scalano con quelli dei compagni. I proiettili colpiti hanno una probabilità del 40% di generare un compagno bombo alla morte del nemico.;El daño de los proyectiles se escala con el daño de los compañeros. Los impactos de proyectil tienen un 40% de probabilidad de generar un compañero abejorro al morir el enemigo.;投射伤害与同伴伤害成比例。投射物命中敌人后有 40% 的几率在敌人死亡时生成大黄蜂同伴。;投擲物のダメージはコンパニオンのダメージに比例する。投擲物の命中時、40%の確率で敵死亡時にバンブルビーコンパニオンをスポーンする。;투사체 피해는 동반자 피해에 따라 증가합니다. 투사체에 적중하면 적 사망 시 40% 확률로 호박벌 동료를 생성합니다.;O dano do projétil é proporcional ao dano do companheiro. Os projécteis atingidos têm 40% de probabilidade de gerar um companheiro abelhão quando o inimigo morre.;Obrażenia od pocisków skalują się wraz z obrażeniami od towarzyszy. Trafienia pociskami mają 40% szans na pojawienie się towarzysza trzmiela po śmierci wroga.;Урон от снарядов зависит от урона компаньона. Попадания снарядов имеют 40% шанс породить компаньона-шмеля при смерти врага.;Mermi hasarı yoldaş hasarı ile ölçeklenir. Mermi isabetlerinin, düşman öldüğünde bir yaban arısı yoldaşı ortaya çıkarma şansı %40'tır.
SUN_ORB;Sun Orb;Sonnenkugel;Orbe solaire;Globo del sole;Orbe solar;太阳球;サンオーブ;태양 오브;Orbe Solar;Kula Słońca;Солнечная сфера;Güneş Küresi
SUN_ORB_DESC;The projectile deals splash damage which scales with melee damage.;Das Projektil verursacht Splash-Schaden, der mit dem Nahkampfschaden skaliert. ;Le projectile inflige des dégâts d'éclaboussure qui augmentent avec les dégâts de mêlée.;Il proiettile infligge danni da schizzo che scalano con i danni in mischia.;El proyectil inflige daño de salpicadura que aumenta con el daño cuerpo a cuerpo.;投射物会造成溅射伤害，并与近战伤害成比例。;スプラッシュダメージを与える。;투사체가 근접 피해에 비례하여 증가하는 비산 피해를 입힙니다.;O projétil causa dano de projeção que aumenta com o dano corpo a corpo.;Pocisk zadaje obrażenia rozpryskowe, które skalują się z obrażeniami od walki wręcz.;Снаряд наносит урон от брызг, который увеличивается вместе с уроном ближнего боя.;Mermi, yakın dövüş hasarı ile ölçeklenen sıçrama hasarı verir.
MOON_BLADE;Moonblade;Mondklinge;Lame de lune;Lama di luna;Hoja lunar;月刃;ムーンブレード;문블레이드;Lâmina da Lua;Księżycowe Ostrze;Moonblade;Ay Bıçağı
MOON_BLADE_DESC;Each attack casts an additional AoE effect in attack direction, damage scales with projectile damage.;Jeder Angriff bewirkt einen zusätzlichen AoE-Effekt in Angriffsrichtung, der Schaden skaliert mit dem Projektilschaden.;Chaque attaque lance un effet AoE supplémentaire dans la direction de l'attaque, les dégâts sont proportionnels aux dégâts des projectiles.;Ogni attacco lancia un effetto AoE aggiuntivo nella direzione dell'attacco, i danni scalano con quelli del proiettile.;Cada ataque lanza un efecto AoE adicional en la dirección del ataque, el daño se escala con el daño del proyectil.;每次攻击都会在攻击方向上施放额外的 AoE 效果，伤害随投射伤害缩放。;各攻撃は攻撃方向にAoE効果を追加し、ダメージは投擲ダメージに比例する。;공격할 때마다 공격 방향에 추가 광역 효과를 시전하며, 투사체 피해에 따라 피해량이 증가합니다.;Cada ataque lança um efeito AoE adicional na direção do ataque, o dano é proporcional ao dano do projétil.;Każdy atak wywołuje dodatkowy efekt obszarowy w kierunku ataku, obrażenia skalują się wraz z obrażeniami od pocisków.;Каждая атака накладывает дополнительный АоЕ-эффект в направлении атаки, урон зависит от урона, наносимого снарядом.;Her saldırı, saldırı yönünde ek bir AoE etkisi yaratır, hasar mermi hasarıyla ölçeklenir.
SUNFIRE_SCEPTRE;Sunfire Sceptre;Sonnenfeuer-Zepter;Sceptre de feu de soleil;Scettro di fuoco solare;Cetro de fuego solar;日火权杖;サンファイアセプター;태양불 홀;Cetro de Fogo Solar;Berło Ognia Słonecznego;Скипетр солнечного огня;Güneş Ateşi Asası
SUNFIRE_SCEPTRE_DESC;Spawns an orbiting projectile each second without attacking, triggers all projectile effects.;Bringt jede Sekunde ein kreisendes Projektil hervor, dass alle Projektileffekte auslöst.;Génère un projectile en orbite chaque seconde sans attaquer, déclenche tous les effets des projectiles.;"Genera un proiettile orbitante ogni secondo senza attaccare; attiva tutti gli effetti del proiettile.";Genera un proyectil en órbita cada segundo sin atacar, activa todos los efectos de proyectil.;在不攻击的情况下，每秒产生一个轨道弹丸，触发所有弹丸效果。;攻撃しなくても毎秒軌道上に投射物を生成し、全ての投射物効果を発動する。;공격하지 않고 매초 궤도를 도는 투사체를 생성하여 모든 투사체 효과를 발동시킵니다.;Cria um projétil em órbita a cada segundo sem atacar, activando todos os efeitos de projétil.;Wywołuje orbitujący pocisk co sekundę bez atakowania, uruchamia wszystkie efekty pocisków.;Каждую секунду без атаки порождает орбитальный снаряд, срабатывают все эффекты снаряда.;Saldırmadan her saniye yörüngede dönen bir mermi üretir, tüm mermi etkilerini tetikler.
GLOOMTIDE;Gloomtide;Gloomtide;Gloomtide;Gloomtide;Marea tenebrosa;阴暗潮汐;グロムタイド;글룸타이드;Maré Negra;Przypływ Mroku;Gloomtide;Gloomtide
GLOOMTIDE_DESC;Spawns two orbiting melee blades each 2 seconds without attacking, triggering all melee effects.;Bringt alle 2 Sekunden zwei kreisende Nahkampfklingen hervor, dass alle Nahkampfeffekte auslöst.;Génère deux lames de mêlée orbitales toutes les 2 secondes sans attaquer, déclenchant tous les effets de mêlée.;Genera due lame da mischia orbitanti ogni 2 secondi senza attaccare, attivando tutti gli effetti da mischia.;Genera dos cuchillas en órbita cuerpo a cuerpo cada 2 segundos sin atacar, activando todos los efectos cuerpo a cuerpo.;在不攻击的情况下，每 2 秒产生两枚轨道近战刀片，触发所有近战效果。;攻撃しなくても2秒毎に2つの近接ブレードを生成し、全ての近接効果を発動する。;공격하지 않고 2초마다 궤도를 도는 근접 칼날을 두 개씩 생성하여 모든 근접 효과를 발동시킵니다.;Cria duas lâminas corpo a corpo orbitantes a cada 2 segundos sem atacar, activando todos os efeitos de corpo a corpo.;Tworzy dwa orbitujące ostrza do walki wręcz co 2 sekundy bez atakowania, aktywując wszystkie efekty do walki wręcz.;Порождает два орбитальных клинка ближнего боя каждые 2 секунды без атаки, срабатывают все эффекты ближнего боя.;Saldırmadan her 2 saniyede bir yörüngede dönen iki yakın dövüş bıçağı ortaya çıkarır ve tüm yakın dövüş etkilerini tetikler.
ABYSSAL_HUNGER;Abyssal Hunger;Abyssaler Hunger;Abyssal Hunger;Fame abissale;Abyssal Hunger;深淵的飢餓;深淵の飢え;심연의 굶주림;Fome Abissal;Głód otchłani;Голод бездны;Abyssal Açlık
ABYSSAL_HUNGER_DESC;Defeated enemies charge up this weapon and increase the weapon damage as it evolves. Getting hit will removes 40 weapon charges.;Besiegte Feinde laden diese Waffe auf und erhöhen den Waffenschaden, während sie sich weiterentwickelt. Wenn du getroffen wirst, werden 40 Waffenladungen entfernt.;Les ennemis vaincus chargent cette arme et augmentent les dégâts de l'arme au fur et à mesure de son évolution. Le fait d'être touché enlève 40 charges à l'arme.;I nemici sconfitti ricaricano quest'arma e aumentano i danni dell'arma man mano che si evolve. Essere colpiti rimuove 40 cariche dell'arma.;Los enemigos derrotados cargan esta arma y aumentan su daño a medida que evoluciona. Si te golpean, eliminarás 40 cargas de arma.;击败的敌人会为该武器充能，并在进化过程中增加武器伤害。被击中将移除 40 个武器充能。;敵を倒すとこの武器がチャージされ、進化すると武器ダメージが増加する。攻撃を受けると40チャージされる。;쓰러진 적은 이 무기를 충전하고 진화하면서 무기 공격력이 증가합니다. 적중하면 무기 충전이 40개 제거됩니다.;Inimigos derrotados carregam esta arma e aumentam o dano da arma à medida que ela evolui. Ser atingido remove 40 cargas de arma.;Pokonani wrogowie ładują tę broń i zwiększają zadawane przez nią obrażenia w miarę jej rozwoju. Trafienie usuwa 40 ładunków broni.;Побежденные враги заряжают это оружие и увеличивают его урон по мере развития. Попадание в цель снимет 40 зарядов оружия.;Yenilen düşmanlar bu silahı şarj eder ve geliştikçe silahın verdiği hasarı artırır. Vurulmak 40 silah şarjını kaldırır.
WILDFIRES_WRATH;Wildfire's Wrath;Zorn des Wildfeuers;;Ira del Fuoco Selvaggio;;野火之怒;ワイルドファイアの怒り;산불의 분노;Ira do Fogo Selvagem;Gniew Dzikiego Ognia;Гнев дикого огня;Wildfire'ın Gazabı
WILDFIRES_WRATH_DESC;Defeated enemies charge up this weapon and add additional projectiles as it evolves. Getting hit will removes 40 weapon charges.;Besiegte Feinde laden diese Waffe auf und fügen zusätzliche Projektile hinzu, wenn sie sich weiterentwickelt. Wenn du getroffen wirst, werden 40 Waffenladungen entfernt.;Les ennemis vaincus chargent cette arme et lui ajoutent des projectiles au fur et à mesure qu'elle évolue. Le fait d'être touché supprime 40 charges d'arme.;I nemici sconfitti ricaricano quest'arma e aggiungono altri proiettili man mano che si evolve. Essere colpiti toglie 40 cariche all'arma.;Los enemigos derrotados cargan esta arma y añaden proyectiles adicionales a medida que evoluciona. Si te golpean, eliminarás 40 cargas de arma.;被击败的敌人会为这把武器充能，并在进化过程中增加额外的射弹。被击中将消耗 40 点武器能量。;倒した敵はこの武器にチャージされ、進化するにつれて弾が追加される。攻撃を受けると武器チャージが40消費される。;쓰러진 적은 이 무기를 충전하고 무기가 진화하면서 투사체를 추가합니다. 적중하면 무기 충전이 40회 제거됩니다.;Os inimigos derrotados carregam esta arma e adicionam projécteis adicionais à medida que ela evolui. Ser atingido remove 40 cargas de arma.;Pokonani wrogowie ładują tę broń i dodają dodatkowe pociski w miarę jej ewolucji. Trafienie usuwa 40 ładunków broni.;Побежденные враги заряжают это оружие и добавляют дополнительные снаряды по мере его развития. Попадание в цель снимает 40 зарядов оружия.;Yenilen düşmanlar bu silahı şarj eder ve geliştikçe ek mermiler ekler. Vurulmak 40 silah şarjını siler.
